<?xml version="1.0" encoding="UTF-8" standalone="yes"?>
<sites>
    <site>
        <hosts>
            <host>
                <host_Name>default</host_Name>
                <IP_address>default</IP_address>
                <load_avg_15min>default</load_avg_15min>
                <load_avg_1min>default</load_avg_1min>
                <load_avg_5min>default</load_avg_5min>
                <OS>default</OS>
            </host>
            <host>
                <host_Name>default</host_Name>
                <IP_address>default</IP_address>
                <load_avg_15min>default</load_avg_15min>
                <load_avg_1min>default</load_avg_1min>
                <load_avg_5min>default</load_avg_5min>
                <OS>default</OS>
            </host>
            <name>saf</name>
        </hosts>
    </site>
    <site>
        <hosts>
            <host>
                <host_Name>default</host_Name>
                <IP_address>default</IP_address>
                <load_avg_15min>default</load_avg_15min>
                <load_avg_1min>default</load_avg_1min>
                <load_avg_5min>default</load_avg_5min>
                <OS>default</OS>
            </host>
            <host>
                <host_Name>default</host_Name>
                <IP_address>default</IP_address>
                <load_avg_15min>default</load_avg_15min>
                <load_avg_1min>default</load_avg_1min>
                <load_avg_5min>default</load_avg_5min>
                <OS>default</OS>
            </host>
            <name>saf</name>
        </hosts>
    </site>
    <site>
        <hosts>
            <host>
                <host_Name>default</host_Name>
                <IP_address>default</IP_address>
                <load_avg_15min>default</load_avg_15min>
                <load_avg_1min>default</load_avg_1min>
                <load_avg_5min>default</load_avg_5min>
                <OS>default</OS>
            </host>
            <host>
                <host_Name>default</host_Name>
                <IP_address>default</IP_address>
                <load_avg_15min>default</load_avg_15min>
                <load_avg_1min>default</load_avg_1min>
                <load_avg_5min>default</load_avg_5min>
                <OS>default</OS>
            </host>
            <name>saf</name>
        </hosts>
    </site>
</sites>
