<?xml version="1.0"?>
<Sites>
<Site id="101" name="NY-01" location="New York">
    <Hosts>
	    <Host id="1001">
		   <Host_Name>srv001001</Host_Name>
		   <IP_address>10.1.2.3</IP_address>
		   <OS>Windows</OS>
		   <Load_avg_1min>1.3</Load_avg_1min>
		   <Load_avg_5min>2.5</Load_avg_5min>
		   <Load_avg_15min>1.2</Load_avg_15min>
		</Host>
	    <Host id="1002">
		   <Host_Name>srv001002</Host_Name>
		   <IP_address>10.1.2.4</IP_address>
		   <OS>Linux</OS>
		   <Load_avg_1min>1.4</Load_avg_1min>
		   <Load_avg_5min>2.5</Load_avg_5min>
		   <Load_avg_15min>1.2</Load_avg_15min>
		</Host>
	    <Host id="1003">
		   <Host_Name>srv001003</Host_Name>
		   <IP_address>10.1.2.5</IP_address>
		   <OS>Linux</OS>
		   <Load_avg_1min>3.3</Load_avg_1min>
		   <Load_avg_5min>1.6</Load_avg_5min>
		   <Load_avg_15min>1.8</Load_avg_15min>
		</Host>
	    <Host id="1004">
		   <Host_Name>srv001004</Host_Name>
		   <IP_address>10.1.2.6</IP_address>
		   <OS>Linux</OS>
		   <Load_avg_1min>2.3</Load_avg_1min>
		   <Load_avg_5min>4.5</Load_avg_5min>
		   <Load_avg_15min>4.2</Load_avg_15min>
		</Host>		
    </Hosts>
</Site>
<Site id="201" name="CA-01" location="California-LA">
    <Hosts>
	    <Host id="2101">
		   <Host_Name>srv002101</Host_Name>
		   <IP_address>172.168.3.23</IP_address>
		   <OS>Solaris</OS>
		   <Load_avg_1min>5.3</Load_avg_1min>
		   <Load_avg_5min>2.8</Load_avg_5min>
		   <Load_avg_15min>1.9</Load_avg_15min>
		</Host>
	    <Host id="2102">
		   <Host_Name>srv002102</Host_Name>
		   <IP_address>172.168.3.33</IP_address>
		   <OS>Solaris</OS>
		   <Load_avg_1min>3.3</Load_avg_1min>
		   <Load_avg_5min>3.5</Load_avg_5min>
		   <Load_avg_15min>1.8</Load_avg_15min>
		</Host>
	    <Host id="2110">
		   <Host_Name>srv002110</Host_Name>
		   <IP_address>172.168.3.43</IP_address>
		   <OS>Solaris</OS>
		   <Load_avg_1min>1.2</Load_avg_1min>
		   <Load_avg_5min>1.5</Load_avg_5min>
		   <Load_avg_15min>1.6</Load_avg_15min>
		</Host>		
    </Hosts>
</Site>
<Site id="202" name="CA-02" location="California-SF">
    <Hosts>
	    <Host id="2233">
		   <Host_Name>pc002233</Host_Name>
		   <IP_address>172.168.240.31</IP_address>
		   <OS>MacOS</OS>
		   <Load_avg_1min>1.5</Load_avg_1min>
		   <Load_avg_5min>3.5</Load_avg_5min>
		   <Load_avg_15min>1.5</Load_avg_15min>
		</Host>
	    <Host id="2234">
		   <Host_Name>pc002234</Host_Name>
		   <IP_address>172.168.240.32</IP_address>
		   <OS>MacOS</OS>
		   <Load_avg_1min>1.3</Load_avg_1min>
		   <Load_avg_5min>2.2</Load_avg_5min>
		   <Load_avg_15min>1.4</Load_avg_15min>
		</Host>
	    <Host id="2235">
		   <Host_Name>pc002235</Host_Name>
		   <IP_address>172.168.240.34</IP_address>
		   <OS>MacOS</OS>
		   <Load_avg_1min>1.4</Load_avg_1min>
		   <Load_avg_5min>3.5</Load_avg_5min>
		   <Load_avg_15min>1.2</Load_avg_15min>
		</Host>		
    </Hosts>
</Site>
</Sites>